chr,start,end,strand,spacer,num_mismatches,edit_distance,sequence,geneID,activation,suppression,num_off_targets
chr12,102958654,102958679,+,CCACCCTTCGGGAGCACGTC,XM:i:0,NM:i:0,CTTTGCCACCCTTCGGGAGCACGTC,ASCL1,FALSE,TRUE,0
chr12,102958520,102958545,-,TCGCCCGAACTGATGCGCTG,XM:i:0,NM:i:0,TCGCCCGAACTGATGCGCTGCAAAC,ASCL1,FALSE,TRUE,0
chr12,102958336,102958361,+,CCACGGCCGCAGCCGCGGCG,XM:i:0,NM:i:0,CTTTgccacggccgcagccgcggcg,ASCL1,FALSE,TRUE,0
chr12,102958095,102958120,+,ACTTCCGTCAGGGCTCCCGC,XM:i:0,NM:i:0,TTTTAACTTCCGTCAGGGCTCCCGC,ASCL1,FALSE,TRUE,0
chr12,102957420,102957445,-,AGGCGCACGCACTGCAACAA,XM:i:0,NM:i:0,AGGCGCACGCACTGCAACAACAAAC,ASCL1,TRUE,FALSE,0
chr12,102957390,102957415,+,TTCAGCCGGGAGTCCGGCAC,XM:i:0,NM:i:0,GTTTATTCAGCCGGGAGTCCGGCAC,ASCL1,TRUE,FALSE,0
chr12,102958564,102958589,+,GCTACAGCCTGCCGCAGCAG,XM:i:0,NM:i:0,CTTTGGCTACAGCCTGCCGCAGCAG,ASCL1,FALSE,TRUE,1
chr12,102956675,102956700,+,TGATATCCGCTAAGCTGGTC,XM:i:0,NM:i:0,CTTTATGATATCCGCTAAGCTGGTC,ASCL1,TRUE,FALSE,1
chr12,102957313,102957338,+,TCCCTCCTGTGACGCCCCCC,XM:i:0,NM:i:0,ATTTGTCCCTCCTGTGACGCCCCCC,ASCL1,TRUE,FALSE,2
chr12,102957090,102957115,+,CTCCAATTTCTAGGGTCACC,XM:i:0,NM:i:0,ATTTGCTCCAATTTCTAGGGTCACC,ASCL1,TRUE,FALSE,5
chr12,102958050,102958075,+,CTCCCACTCTAAGAAGTCTC,XM:i:0,NM:i:0,TTTTGCTCCCACTCTAAGAAGTCTC,ASCL1,FALSE,TRUE,8
chr12,102957234,102957259,+,CTTCAAGTTCTTAGTAGAAT,XM:i:0,NM:i:0,CTTTGCTTCAAGTTCTTAGTAGAAT,ASCL1,TRUE,FALSE,9
chr12,102957198,102957223,-,CCTGTGCCATTTTTTCTGCC,XM:i:0,NM:i:0,CCTGTGCCATTTTTTCTGCCCAAAC,ASCL1,TRUE,FALSE,9
chr12,102957328,102957353,-,GACGCCCCCCACCCCCTTCC,XM:i:0,NM:i:0,GACGCCCCCCACCCCCTTCCTAAAG,ASCL1,TRUE,FALSE,12
chr12,102957055,102957080,-,CCCTCCCCCAACCATGTTTC,XM:i:0,NM:i:0,CCCTCCCCCAACCATGTTTCTAAAC,ASCL1,TRUE,FALSE,12
chr12,102956883,102956908,+,GAGCTGAATGGGACATTAGA,XM:i:0,NM:i:0,TTttagagctgaatgggacattaga,ASCL1,TRUE,FALSE,15
chr12,102957460,102957485,+,CAAGGAGCGGGAGAAAGGAA,XM:i:0,NM:i:0,GTTTGCAAGGAGCGGGAGAAAGGAA,ASCL1,TRUE,FALSE,15
chr12,102957755,102957780,-,TCAGAAAGGAAGGGAGTTAA,XM:i:0,NM:i:0,TCAGAAAGGAAGGGAGTTAACAAAA,ASCL1,TRUE,TRUE,16
chr12,102956710,102956735,+,TGGGGAGGGGGTGGCGGTAG,XM:i:0,NM:i:0,CTTTATGGGGAGGGGGTGGCGGTAG,ASCL1,TRUE,FALSE,17
chr12,102957763,102957788,-,GAAGGGAGTTAACAAAATAA,XM:i:0,NM:i:0,GAAGGGAGTTAACAAAATAATAAAA,ASCL1,TRUE,TRUE,31
chr12,102957517,102957542,+,GGGAGTGGGTGGGAGGAAGA,XM:i:0,NM:i:0,GTTTAGGGAGTGGGTGGGAGGAAGA,ASCL1,TRUE,TRUE,33
chr12,102958082,102958107,+,TATATATTTTTTAACTTCCG,XM:i:0,NM:i:0,TTTTGTATATATTTTTTAACTTCCG,ASCL1,FALSE,TRUE,83
chr12,102957889,102957914,+,CTGCTGCTTCTGCTTTTTTT,XM:i:0,NM:i:0,TTTTGCTGCTGCTTCTGCTTTTTTT,ASCL1,FALSE,TRUE,95
chr14,104969947,104969972,+,GAAGCAACCACCCTCCACAG,XM:i:0,NM:i:0,CTTTGGAAGCAACCACCCTCCACAG,AHNAK2,TRUE,FALSE,1
chr14,104969761,104969786,+,GCAGCCAAAAGGAACAGCCC,XM:i:0,NM:i:0,atttggcagccaaaaggaacagccC,AHNAK2,TRUE,FALSE,2
chr14,104969917,104969942,-,CTCGGGCACCCCCAGGAGAG,XM:i:0,NM:i:0,CTCGGGCACCCCCAGGAGAGTAAAC,AHNAK2,TRUE,FALSE,2
chr14,104970847,104970872,-,CCTCCTAGGCAGGCTCTGCA,XM:i:0,NM:i:0,CCTCCTAGGCAGGCTCTGCACAAAC,AHNAK2,FALSE,TRUE,2
chr14,104971030,104971055,-,TCCCTTCAGCCCGCTCAGCC,XM:i:0,NM:i:0,TCCCTTCAGCCCGCTCAGCCCAAAC,AHNAK2,FALSE,TRUE,2
chr14,104969751,104969776,-,TCTCCAAGGGATTTGGCAGC,XM:i:0,NM:i:0,tctccaagggatttggcagccaaaa,AHNAK2,TRUE,FALSE,3
chr14,104969527,104969552,+,CTCACCAAGCACTCAGAGCC,XM:i:0,NM:i:0,ctttgctcaccaagcactcagagcc,AHNAK2,TRUE,FALSE,12
chr14,104971400,104971425,-,CAGCACGCCTGGCTAATTTT,XM:i:0,NM:i:0,cagcacgcctggctaatttttaaat,AHNAK2,FALSE,TRUE,170
chr14,104971263,104971288,-,CCACCACACCTGGCTAATTT,XM:i:0,NM:i:0,ccaccacacctggctaattttaaaa,AHNAK2,FALSE,TRUE,407
chr14,104969553,104969578,-,GGCACACAGTAGGTGCATAA,XM:i:0,NM:i:0,ggcacacagtaggtgcataataaat,AHNAK2,TRUE,FALSE,680
chr14,104971291,104971316,+,TAGAGATAGGATCCTACCAT,XM:i:0,NM:i:0,ttttgtagagataggatcctaccat,AHNAK2,FALSE,TRUE,1021
chr14,104971192,104971217,-,CAGCCTCAAACTCCTGGACT,XM:i:0,NM:i:0,cagcctcaaactcctggactcaaac,AHNAK2,FALSE,TRUE,1296
chr14,104971178,104971203,-,ATCATGGCTCACTGCAGCCT,XM:i:0,NM:i:0,atcatggctcactgcagcctcaaac,AHNAK2,FALSE,TRUE,1311
chr14,104971130,104971155,+,AAACAGGGTCTCTCTCTCAC,XM:i:0,NM:i:0,ttttgaaacagggtctctctctcac,AHNAK2,FALSE,TRUE,2902
chr14,104971280,104971305,+,AAAATTTTTTGTAGAGATAG,XM:i:0,NM:i:0,ttttaaaaattttttgtagagatag,AHNAK2,FALSE,TRUE,3522
chr14,104971448,104971473,-,TGTGTTGCCCTGGCTAGTCT,XM:i:0,NM:i:0,tgtgttgccctggctagtctcaaac,AHNAK2,FALSE,TRUE,4902
chr14,104971488,104971513,-,ATCCTTCTGCCTCAGCCTCC,XM:i:0,NM:i:0,atccttctgcctcagcctcccaaac,AHNAK2,FALSE,TRUE,5815
chr14,104971426,104971451,+,TAGAGACAAGGTCTCCCTGT,XM:i:0,NM:i:0,ttttgtagagacaaggtctccctgt,AHNAK2,FALSE,TRUE,7095
chr14,104971417,104971442,+,AATTTTTTGTAGAGACAAGG,XM:i:0,NM:i:0,ttttaaattttttgtagagacaagg,AHNAK2,FALSE,TRUE,11137
chr14,94388684,94388709,-,CACCCCAGTTATCGGAGGAG,XM:i:0,NM:i:0,CACCCCAGTTATCGGAGGAGCAAAC,SERPINA1,TRUE,TRUE,0
chr14,94389063,94389088,-,GAGCGGAGAGACCGCTCATC,XM:i:0,NM:i:0,gagcggagagaccgctcatccaaag,SERPINA1,FALSE,TRUE,0
chr14,94389511,94389536,+,GATACATGGCCCCCACTCTG,XM:i:0,NM:i:0,CTTTGGATACATGGCCCCCACTCTG,SERPINA1,FALSE,TRUE,1
chr14,94388961,94388986,+,CTGAGTCACCCCAAAATGCC,XM:i:0,NM:i:0,ATTTACTGAGTCACCCCAAAATGCC,SERPINA1,FALSE,TRUE,2
chr14,94387748,94387773,+,GGGCCAGTTATTCACCTCTC,XM:i:0,NM:i:0,atttggggccagttattcacctctc,SERPINA1,TRUE,FALSE,2
chr14,94388180,94388205,-,CGACAGACAGAGGAGCTGTG,XM:i:0,NM:i:0,CGACAGACAGAGGAGCTGTGCAAAC,SERPINA1,TRUE,FALSE,2
chr14,94389465,94389490,+,CTCCTGGAAAACCAGTGTGA,XM:i:0,NM:i:0,TTTTGCTCCTGGAAAACCAGTGTGA,SERPINA1,FALSE,TRUE,3
chr14,94388624,94388649,+,AGCAGTGGATCCAGAGGGGC,XM:i:0,NM:i:0,ATTTAAGCAGTGGATCCAGAGGGGC,SERPINA1,TRUE,TRUE,3
chr14,94388763,94388788,+,CCTGGGCAGTGTACAGCTTC,XM:i:0,NM:i:0,CTTTGCCTGGGCAGTGTACAGCTTC,SERPINA1,TRUE,TRUE,4
chr14,94389273,94389298,-,GAACTGTTTCACCTGCATCC,XM:i:0,NM:i:0,gaactgtttcacctgcatcccaaag,SERPINA1,FALSE,TRUE,4
chr14,94389089,94389114,-,TACCCAGTCAGCCTTAGACA,XM:i:0,NM:i:0,tacccagtcagccTTAGACACAAAC,SERPINA1,FALSE,TRUE,4
chr14,94389437,94389462,+,ACCAGCCTCAGGCCTGTTTC,XM:i:0,NM:i:0,TTTTGACCAGCCTCAGGCCTGTTTC,SERPINA1,FALSE,TRUE,5
chr14,94389367,94389392,+,TGTGGGTCTGCACAGCCCTC,XM:i:0,NM:i:0,ctTTATGTGGGTCTGCACAGCCCTC,SERPINA1,FALSE,TRUE,6
chr14,94389202,94389227,-,GAGGTGGGGAAGCACATCTG,XM:i:0,NM:i:0,GAGGTGGGGAAGCACATCTGTAAAG,SERPINA1,FALSE,TRUE,6
chr14,94387698,94387723,+,GGGACTGGAGCCAGGTGCCT,XM:i:0,NM:i:0,gtttggggactggagccaggtgcct,SERPINA1,TRUE,FALSE,7
chr14,94388957,94388982,-,TACCATTTACTGAGTCACCC,XM:i:0,NM:i:0,TACCATTTACTGAGTCACCCCAAAA,SERPINA1,FALSE,TRUE,11
chr14,94387988,94388013,+,ATGTAAGGCTGAGGCCTGGC,XM:i:0,NM:i:0,TTTTGATGTAAGGCTGAGGCCTGGC,SERPINA1,TRUE,FALSE,12
chr14,94389550,94389575,+,GAGACTGCTGGGGGTGGAGG,XM:i:0,NM:i:0,CTTTGGAGACTGCTGGGGGTGGAGG,SERPINA1,FALSE,TRUE,13
chr14,94388222,94388247,+,TTGCTGTTGCTGTATCTTGG,XM:i:0,NM:i:0,CTTTGTTGCTGTTGCTGTATCTTGG,SERPINA1,TRUE,FALSE,21
chr14,94387774,94387799,-,GTCCCCATCTTCCTCATCTG,XM:i:0,NM:i:0,gtccccatcttcctcatctgtaaaa,SERPINA1,TRUE,FALSE,199
chr14,94389037,94389062,+,ACAGATGAGGAAACAGGCTC,XM:i:0,NM:i:0,atttgacagatgaggaaacaggctc,SERPINA1,FALSE,TRUE,335
chr19,54116691,54116716,-,GCGTGCGGGACACGTTATCA,XM:i:0,NM:i:0,gcgtgcgggacacgttatcacaaag,PRPF31,FALSE,TRUE,0
chr19,54115318,54115343,-,TCTGTAGGTTAAGCCGTTCG,XM:i:0,NM:i:0,TCTGTAGGTTAAGCCGTTCGCAAAA,PRPF31,TRUE,FALSE,0
chr19,54115716,54115741,+,CCTCTATAACGGCGCGAGAG,XM:i:0,NM:i:0,CTTTGCCTCTATAACGGCGCGAGAG,PRPF31,TRUE,TRUE,0
chr19,54116516,54116541,+,CCCAAAAGTCTTAATATGCG,XM:i:0,NM:i:0,Gtttacccaaaagtcttaatatgcg,PRPF31,FALSE,TRUE,1
chr19,54115448,54115473,-,GTCCACCCCGAATCCCTGCT,XM:i:0,NM:i:0,GTCCACCCCGAATCCCTGCTTAAAG,PRPF31,TRUE,FALSE,1
chr19,54115636,54115661,-,CGCCTAGTGCCAGGTGCTAA,XM:i:0,NM:i:0,CGCCTAGTGCCAGGTGCTAATAAAG,PRPF31,TRUE,TRUE,1
chr19,54116603,54116628,+,GTTGATGCCTGGCAGACAGG,XM:i:0,NM:i:0,ctttggttgatgcctggcagacagg,PRPF31,FALSE,TRUE,3
chr19,54116505,54116530,+,CAGCCTGTTTACCCAAAAGT,XM:i:0,NM:i:0,TTTTACAGCCTGtttacccaaaagt,PRPF31,FALSE,TRUE,3
chr19,54115045,54115070,-,GTCTGTCAGATCCAGCAGTC,XM:i:0,NM:i:0,gtctgtcagatccagcagtccaaac,PRPF31,TRUE,FALSE,3
chr19,54115087,54115112,-,CTCAGGATGACCCCAGTCCA,XM:i:0,NM:i:0,ctcagGATGACCCCAGTCCATAAAA,PRPF31,TRUE,FALSE,3
chr19,54115145,54115170,-,ACCCCCATCAGACCTCAGCG,XM:i:0,NM:i:0,ACCCCCATCAGACCTCAGCGTAAAA,PRPF31,TRUE,FALSE,3
chr19,54115103,54115128,-,TCCATAAAAGGGTTCTAAGG,XM:i:0,NM:i:0,TCCATAAAAGGGTTCTAAGGTAAAG,PRPF31,TRUE,FALSE,4
chr19,54116503,54116528,-,CCTTTTACAGCCTGTTTACC,XM:i:0,NM:i:0,ccTTTTACAGCCTGtttacccaaaa,PRPF31,FALSE,TRUE,4
chr19,54116556,54116581,-,CCCTGGGGATGTGGAAGGAG,XM:i:0,NM:i:0,ccctggggatgtggaaggagcaaaa,PRPF31,FALSE,TRUE,6
chr19,54116614,54116639,-,GCCTGGCAGACAGGCTTTAT,XM:i:0,NM:i:0,gcctggcagacaggctttatcaaat,PRPF31,FALSE,TRUE,8
chr19,54115650,54115675,-,TGCTAATAAAGTTGTTGTTT,XM:i:0,NM:i:0,TGCTAATAAAGTTGTTGTTTCAAAT,PRPF31,TRUE,TRUE,22
chr19,54116636,54116661,-,AATAATTACTTCATTAATCA,XM:i:0,NM:i:0,aataattacttcattaatcacaaat,PRPF31,FALSE,TRUE,45
chr19,54116628,54116653,+,TCAAATAATTACTTCATTAA,XM:i:0,NM:i:0,ctttatcaaataattacttcattaa,PRPF31,FALSE,TRUE,64
chr19,54115878,54115903,+,CAGCTTGGTTTTTGTTTTTT,XM:i:0,NM:i:0,CTTTACAGCTTGGtttttgtttttt,PRPF31,TRUE,TRUE,256
chr19,54115980,54116005,-,CAACCTCCGTCTCCCGGGTT,XM:i:0,NM:i:0,caacctccgtctcccgggttcaaac,PRPF31,FALSE,TRUE,742
chr19,54116213,54116238,+,TCTGAGACGGAGTTTCGCTC,XM:i:0,NM:i:0,ttttgtctgagacggagtttcgctc,PRPF31,FALSE,TRUE,1512
chr19,54115911,54115936,+,TTTTGAGACGGAGTCTCGTT,XM:i:0,NM:i:0,gtttgttttgagacggagtctcgtt,PRPF31,TRUE,TRUE,1666
chr19,54115892,54115917,+,TTTTTTTGTTGTTTGTTTGT,XM:i:0,NM:i:0,ttttgtttttttgttgtttgtttgt,PRPF31,TRUE,TRUE,3089
chr19,54115907,54115932,+,TTTGTTTTGAGACGGAGTCT,XM:i:0,NM:i:0,gtttgtttgttttgagacggagtct,PRPF31,TRUE,TRUE,3381
chr19,54116208,54116233,+,TTTTGTCTGAGACGGAGTTT,XM:i:0,NM:i:0,gtttgttttgtctgagacggagttt,PRPF31,FALSE,TRUE,3795
chr19,54116204,54116229,+,TTTGTTTTGTCTGAGACGGA,XM:i:0,NM:i:0,gtttgtttgttttgtctgagacgga,PRPF31,FALSE,TRUE,4474
chr19,54115900,54115925,+,TTGTTTGTTTGTTTTGAGAC,XM:i:0,NM:i:0,ttttgttgtttgtttgttttgagac,PRPF31,TRUE,TRUE,6224
chr19,54115916,54115941,+,AGACGGAGTCTCGTTCTGTT,XM:i:0,NM:i:0,ttttgagacggagtctcgttctgtt,PRPF31,TRUE,TRUE,16414
chr19,54116078,54116103,+,GTAGAGACGGGGTTTCCCCA,XM:i:0,NM:i:0,ttttagtagagacggggtttcccca,PRPF31,FALSE,TRUE,17889
chr19,54116381,54116406,+,GTAGAGACGGGGTTTCACTA,XM:i:0,NM:i:0,ttttagtagagacggggtttcacta,PRPF31,FALSE,TRUE,17910
chr19,54116444,54116469,-,ATCCACCCGCCTGGGCCTCC,XM:i:0,NM:i:0,atccacccgcctgggcctcccaaag,PRPF31,FALSE,TRUE,17957
chr19,54116139,54116164,-,ATCCGCCCGCCTCGGCCTCC,XM:i:0,NM:i:0,atccgcccgcctcggcctcccaaag,PRPF31,FALSE,TRUE,18238
chr11,27701428,27701453,+,GTGCCCGGTATGTACTCCTT,XM:i:0,NM:i:0,CTTTGGTGCCCGGTATGTACTCCTT,BDNF,FALSE,TRUE,0
chr11,27701234,27701259,-,CCACACGCTTTCTAGCCGAC,XM:i:0,NM:i:0,CCACACGCTTTCTAGCCGACCAAAC,BDNF,FALSE,TRUE,0
chr11,27701057,27701082,-,CTGCCTTAAACACGCCGGCT,XM:i:0,NM:i:0,CTGCCTTAAACACGCCGGCTTAAAC,BDNF,FALSE,TRUE,0
chr11,27700280,27700305,-,AGCAGCGGTGGGTGTCTCAT,XM:i:0,NM:i:0,AGCAGCGGTGGGTGTCTCATTAAAG,BDNF,TRUE,TRUE,0
chr11,27700478,27700503,+,GCTCTTCGGTTGAGCTTCGA,XM:i:0,NM:i:0,ATTTAGCTCTTCGGTTGAGCTTCGA,BDNF,TRUE,TRUE,0
chr11,27700488,27700513,-,TCGGTTGAGCTTCGATTGGT,XM:i:0,NM:i:0,TCGGTTGAGCTTCGATTGGTCAAAC,BDNF,TRUE,TRUE,0
chr11,27700573,27700598,-,ACCCGTTCGAGGCGGCCGCT,XM:i:0,NM:i:0,ACCCGTTCGAGGCGGCCGCTTAAAG,BDNF,TRUE,TRUE,0
chr11,27701385,27701410,-,TCACGTTCCCTTCGCTTAAT,XM:i:0,NM:i:0,TCACGTTCCCTTCGCTTAATTAAAG,BDNF,FALSE,TRUE,0
chr11,27701148,27701173,+,TTGATGAACGCCCCCAGATA,XM:i:0,NM:i:0,TTTTATTGATGAACGCCCCCAGATA,BDNF,FALSE,TRUE,1
chr11,27701047,27701072,+,CTCTGCTGCCTTAAACACGC,XM:i:0,NM:i:0,GTTTACTCTGCTGCCTTAAACACGC,BDNF,FALSE,TRUE,1
chr11,27700079,27700104,+,GGGTGGGGGATCCCCCAGTC,XM:i:0,NM:i:0,CTTTGGGGTGGGGGATCCCCCAGTC,BDNF,TRUE,FALSE,2
chr11,27701209,27701234,-,CAGGCAATGACAGACCTCGC,XM:i:0,NM:i:0,CAGGCAATGACAGACCTCGCTAAAG,BDNF,FALSE,TRUE,2
chr11,27701339,27701364,-,TCCGGGAAAGACTTCGGCCC,XM:i:0,NM:i:0,TCCGGGAAAGACTTCGGCCCCAAAA,BDNF,FALSE,TRUE,2
chr11,27700156,27700181,-,TGCCTACCTCGGGGTCCACA,XM:i:0,NM:i:0,TGCCTACCTCGGGGTCCACACAAAC,BDNF,TRUE,FALSE,3
chr11,27699880,27699905,+,CTCCCATCACGCAGCTCTGG,XM:i:0,NM:i:0,CTTTGCTCCCATCACGCAGCTCTGG,BDNF,TRUE,FALSE,3
chr11,27700003,27700028,-,AAACTCCCCAAGAGTAACTC,XM:i:0,NM:i:0,AAACTCCCCAAGAGTAACTCCAAAT,BDNF,TRUE,FALSE,5
chr11,27701043,27701068,-,ATTGGTTTACTCTGCTGCCT,XM:i:0,NM:i:0,ATTGGTTTACTCTGCTGCCTTAAAC,BDNF,FALSE,TRUE,5
chr11,27701108,27701133,+,CCTAATAGGAATTCAATCAA,XM:i:0,NM:i:0,GTTTGCCTAATAGGAATTCAATCAA,BDNF,FALSE,TRUE,9
chr11,27701295,27701320,-,CCTTTTCAGTCACTACTTGT,XM:i:0,NM:i:0,CCTTTTCAGTCACTACTTGTCAAAG,BDNF,FALSE,TRUE,9
chr11,27701267,27701292,-,GGAAAGAGAAAGAAAGAAAA,XM:i:0,NM:i:0,GGAAAGAGAAAGAAAGAAAACAAAC,BDNF,FALSE,TRUE,358